{
  "results" : [ {
    "packageName" : "com.fake.benchmarks",
    "className" : "ExampleBenchmark",
    "methodName" : "benchmarkDistance[  ]",
    "mode" : "Throughput",
    "numberOfTestThreads" : 1,
    "numberOfTestRepetitions" : 1,
    "numberOfWarmupIterations" : 3,
    "numberOfMeasurementIterations" : 20,
    "measurementTimeInMilliseconds" : 500,
    "warmupTimeInMilliseconds" : 500,
    "scoreUnits" : "ops/us",
    "distributionStatistics" : {
      "count" : 120,
      "sum" : 36571.346898495576,
      "sumOfSquares" : 1.1145677306825632E7,
      "mean" : 304.7612241541298,
      "variance" : 1.2508997880778059,
      "skewness" : -0.0059666999277018405,
      "kurtosis" : 6.83629509516063,
      "minimum" : 300.26814814460477,
      "maximum" : 308.8817613005554
    },
    "median" : 304.7614487890205,
    "meanErrorAt999" : 0.34449835438689785,
    "firstQuarter" : 304.26825608034505,
    "thirdQuarter" : 305.3315380543812,
    "rawMeasurements" : [ 303.84751254984235, 307.09721190855305, 304.59792854231176, 303.8858035449388, 305.0781699728256, 304.4874507586294, 303.134451586225, 304.82772973407424, 305.8177520373033, 301.06327356405876, 302.8680754527243, 304.65035400146695, 303.9326548626616, 304.01968607770294, 305.1151056127986, 304.833911352485, 304.9425060070587, 303.9072754836446, 304.4930305654485, 305.8296014292543, 304.5726692519308, 305.33380806410946, 304.25335798613213, 306.5094311159793, 304.90285082787375, 305.4515586630892, 304.90542187017985, 303.83635847131467, 305.1100914575876, 305.32472802519635, 304.6514614478854, 303.878873434497, 304.24330433992577, 305.12596466140747, 305.0501483482985, 305.45973079212297, 305.1282688163741, 305.6731976787627, 305.0195533429442, 304.73561046468126, 305.47092075770036, 305.02583306241064, 304.66303332829403, 303.4307179930278, 304.7075368373669, 305.10735551510066, 305.93771184902124, 303.4480764897607, 308.8817613005554, 303.53437186424964, 305.6400011426683, 305.4905997361918, 304.92847552071134, 303.674452357094, 305.40053800127856, 302.7912826684458, 303.5050885409313, 304.6497238713434, 305.3565000324515, 304.21730049018913, 303.8574080346914, 305.4036043880999, 304.8661335180823, 304.66895917381953, 305.29117090304254, 304.38626269269776, 304.3530066839609, 304.8018028937111, 306.0202991527701, 305.4171020934635, 303.81365145318455, 304.87132892852344, 300.26814814460477, 304.40548301113, 305.26896222328935, 304.42048323907255, 305.7698008189243, 307.9718265630373, 305.2209527937005, 303.5827206736892, 304.6796338604274, 305.5253159274893, 302.9703739191041, 304.35013165119136, 303.64825582554823, 304.9538874316641, 304.43349340842616, 304.5228089277298, 303.5534722874284, 304.70213701577563, 304.7885975150407, 304.34137775473033, 303.7612319167038, 305.9658852596338, 304.99619813739656, 304.457230697012, 304.33609631051655, 307.54373083169037, 305.39813720506544, 305.418700272952, 307.3667903007099, 304.9488989680456, 304.09191918788855, 304.6454683348129, 305.5781192777192, 305.8032034749396, 304.6764061014012, 304.3448150074942, 304.91016580115974, 305.3833244427396, 305.0541763635134, 304.7646002139354, 304.7646747573145, 303.2605915082586, 304.62576849909374, 307.21560880204964, 304.48069738381275, 304.75829736410554, 303.8974633414964, 304.3129503629838 ],
    "pvalue" : null,
    "baselineDistributionStatistics" : null,
    "baselineMedian" : null,
    "baselineFirstQuarter" : null,
    "baselineThirdQuarter" : null,
    "baselineMeasurements" : null
  } ],
  "systemModel" : "GF63 Thin 9SC",
  "operatingSystem" : "Microsoft Windows 10 (Home) build 17763",
  "cpu" : "Intel(R) Core(TM) i5-9300H CPU @ 2.40GHz",
  "cpuSpeedInHertz" : 2401000000,
  "architecture" : "x86_64 (64 bit)",
  "physicalProcessors" : 4,
  "logicalProcessors" : 8,
  "totalMemoryInBytes" : 17019559936,
  "swapTotalInBytes" : 2550136832,
  "memoryPageSizeInBytes" : 4096,
  "memoryBanks" : [ {
    "type" : "DDR4",
    "label" : "BANK 0",
    "capacityInBytes" : 8589934592,
    "clockSpeed" : 2667000000
  }, {
    "type" : "DDR4",
    "label" : "BANK 2",
    "capacityInBytes" : 8589934592,
    "clockSpeed" : 2667000000
  } ],
  "minAllowedPValue" : 0.05
}