{
  "results": [
    {
      "packageName": "com.fake.benchmarks",
      "className": "ExampleBenchmark",
      "methodName": "benchmarkGenerateSalt[  ]",
      "mode": "AverageTime",
      "numberOfTestThreads": 1,
      "numberOfTestRepetitions": 1,
      "numberOfWarmupIterations": 10,
      "numberOfMeasurementIterations": 40,
      "measurementTimeInMilliseconds": 100,
      "warmupTimeInMilliseconds": 100,
      "scoreUnits": "us/op",
      "distributionStatistics": {
        "count": 280,
        "sum": 1347.6806870269597,
        "sumOfSquares": 6499.067237405239,
        "mean": 4.813145310810571,
        "variance": 0.04474644505899758,
        "skewness": 2.570376415050741,
        "kurtosis": 12.724559326319058,
        "minimum": 4.534721540999688,
        "maximum": 6.020028544243577
      },
      "median": 4.511212018479048,
      "meanErrorAt999": 0.06724994565629082,
      "rawMeasurements": [
        4.7138860152355875,
        4.780620561460369,
        4.777701028963414,
        4.660001841112032,
        4.723726835643934,
        4.534721540999688,
        5.855894890510949,
        4.916034516380655,
        4.643043158185332,
        4.741118052965311,
        5.269169836885716,
        5.453133124635221,
        4.794851522424585,
        4.776485300363362,
        4.645891857155972,
        4.746468575713549,
        4.748856953139821,
        4.789154613585374,
        4.614093165156413,
        4.721426240969471,
        5.180323174473307,
        5.367265821430482,
        5.349428934010152,
        5.146511155155766,
        4.871066724562166,
        5.304322509573519,
        5.086764705882353,
        4.964972731779871,
        4.969805323798172,
        4.597679856939796,
        4.738959258909159,
        4.591807294501906,
        4.669315144252926,
        4.981493314982305,
        4.7016437592867755,
        4.60396709988185,
        4.623389304617631,
        4.7654572048693025,
        4.725067624288779,
        4.682738700434421,
        4.813701588520421,
        4.815964428381206,
        4.902815662120545,
        5.152137489845654,
        5.022921034241789,
        4.96568220045513,
        4.864872004226502,
        4.725520078537703,
        4.895840981547677,
        4.78773290456824,
        4.827928915146029,
        4.9479435326299335,
        4.740093611046103,
        6.009567519858782,
        5.0937588152327224,
        4.797505137886536,
        4.922147716705007,
        4.828422257187813,
        4.7711796373252735,
        4.854692337461301,
        4.768796868367684,
        4.742726038301259,
        4.843462255581584,
        4.746208641859593,
        4.889454106280193,
        4.817893479818486,
        4.759401709401709,
        4.912493951417788,
        4.8411175616836,
        4.825657769304099,
        5.062737452509498,
        4.888102816358025,
        4.7705187784522005,
        4.9954093682346,
        4.672299813780261,
        4.896641444959727,
        6.020028544243577,
        4.805600916774101,
        4.985348688419705,
        4.764622222222222,
        4.714156711504092,
        4.731895942315849,
        4.958846285686303,
        4.613823770865639,
        4.73094845069094,
        4.797746760670732,
        4.996758436944938,
        4.704112644639621,
        4.8455306727916545,
        4.854696881657951,
        4.897062358767249,
        4.759213397855584,
        4.655948228382596,
        4.985679036715357,
        4.609057806099226,
        4.62724626969095,
        5.007500247206566,
        4.6315108976727,
        4.805079714655049,
        4.90864574251671,
        4.769568287745398,
        4.596900385749943,
        4.707578927790951,
        4.667027856578152,
        4.699837065313533,
        4.663354904790726,
        4.740581879414378,
        4.934830475448169,
        4.6682079584454135,
        4.816428981623277,
        4.717521069050612,
        4.780128386670443,
        4.946491185232212,
        5.017387603885051,
        4.81123680958266,
        4.791452223273415,
        4.851661996328148,
        4.646330485900616,
        5.02707434409562,
        4.675800498292886,
        4.904877930867778,
        4.7013184867685425,
        4.674532699496931,
        4.802820941907722,
        4.913911818976401,
        5.4633429175934465,
        5.039602415702063,
        4.733664953557452,
        4.990638996715438,
        4.58514720021977,
        4.865468006345849,
        4.56220585593677,
        4.613314460526917,
        4.937167796362218,
        4.56462551291879,
        4.747191796783967,
        4.597239992688722,
        4.775118963486455,
        4.880625699411278,
        4.773709783941881,
        4.566671177266577,
        4.744690410446015,
        4.711705094830792,
        4.607296879264853,
        4.705854746526648,
        4.745860469474769,
        4.71134514344167,
        4.7312599160056,
        4.564051731853575,
        4.763615755171437,
        4.6155884788810155,
        4.722958304216166,
        4.698774430156446,
        4.671315971421986,
        4.824705994381755,
        4.703309659750267,
        4.8713178294573645,
        4.825468111396255,
        4.978921059143777,
        4.737191409015813,
        4.745232961469954,
        4.710546893181289,
        4.791694939551776,
        4.751769454613724,
        4.9428104256149945,
        4.590070826002616,
        4.914771127615165,
        4.773429837797058,
        4.773806463896426,
        4.57421656281044,
        4.896454998307298,
        4.8623806553759055,
        4.73571395010102,
        4.609735680815249,
        5.341055827828681,
        5.272794001992345,
        4.667225188731357,
        4.770461874051593,
        4.832258839354343,
        4.768845070422535,
        4.923046666342932,
        4.672564502800477,
        4.586484632272228,
        4.807023871671967,
        4.7000418099043015,
        4.637125830850333,
        4.7664845773487166,
        4.834841216540344,
        4.9675384691018145,
        5.072298279925781,
        5.67778777484114,
        5.372019297036527,
        4.626489128448749,
        4.670493792588444,
        4.856054913294797,
        4.756055363321799,
        4.808733187064772,
        4.797594241333586,
        4.951409999511266,
        4.756657436523208,
        4.737860120860074,
        4.803673508081718,
        4.754907626717196,
        4.904403346543373,
        4.788678886883845,
        4.679476565015409,
        5.4073717948717945,
        4.828667397208061,
        4.5734029456021155,
        4.630396414710774,
        4.924501943037041,
        4.95305690816979,
        4.7516566903897814,
        4.669074471059744,
        4.754133395960545,
        4.871163932059857,
        4.786858190709046,
        4.750053912146641,
        4.79528775955248,
        4.60561369686955,
        4.7468315301391035,
        4.628170558932407,
        4.669530529422616,
        4.699283487647141,
        4.800336604560755,
        4.631684571428571,
        4.968416916351491,
        4.7384889388826394,
        4.953534856242615,
        4.672424927349048,
        4.588148416617587,
        4.679300453409827,
        4.647741254246625,
        4.753585348673398,
        5.002004938271605,
        4.94931628572839,
        4.716651771014629,
        5.065766981556456,
        4.935789114651854,
        4.663810488512363,
        4.691026175584897,
        4.899381074416131,
        4.64549197200494,
        4.687660323193036,
        4.630086104241092,
        4.645696422051843,
        4.64741144414169,
        4.766140589144382,
        4.649175811561596,
        4.709934913993491,
        4.637489745693191,
        4.80231700895208,
        4.710365683446543,
        4.603220802919708,
        4.8040808561236625,
        4.663903096810192,
        4.634295252904052,
        4.730829706584305,
        4.648191060633816,
        4.7969788805758125,
        4.872826086956522,
        4.615193812640154,
